Model,mAP50,mAP50-95,Precision,Recall,Size_MB
yolo11l_seg,0.30061,0.22248,0.45228,0.33999,53.27
yolo11m_seg,0.41002,0.29426,0.43467,0.46651,43.08
yolo11n_seg,0.38912,0.25388,0.67571,0.35467,5.73
yolo11s_seg,0.42101,0.29777,0.58627,0.41713,19.57
yolov8m_seg,0.4463,0.32257,0.49915,0.44153,52.3
yolov8n_seg,0.38016,0.26036,0.42135,0.39837,6.47
yolov8s_seg,0.45456,0.31564,0.54603,0.43147,22.76
yolov9c_seg,0.39004,0.28379,0.41416,0.43239,53.64
